,0,1
0,book,23
1,i,2326
2,chapter,19
3,1,1
4,robert,108
5,cohn,228
6,was,1192
7,once,23
8,middleweight,3
9,boxing,7
10,champion,3
11,of,1123
12,princeton,8
13,do,513
14,not,419
15,think,116
16,that,602
17,am,16
18,very,172
19,much,66
20,impressed,5
21,by,103
22,as,219
23,a,1534
24,title,7
25,but,190
26,it,1152
27,meant,11
28,lot,33
29,to,1545
30,he,1086
31,cared,5
32,nothing,39
33,for,372
34,in,1040
35,fact,4
36,disliked,1
37,learned,8
38,painfully,1
39,and,2288
40,thoroughly,2
41,counteract,1
42,the,4484
43,feeling,26
44,inferiority,1
45,shyness,1
46,had,484
47,felt,49
48,on,637
49,being,26
50,treated,2
51,jew,5
52,at,476
53,there,321
54,certain,13
55,inner,2
56,comfort,1
57,knowing,3
58,could,157
59,knock,9
60,down,270
61,anybody,21
62,who,86
63,snooty,2
64,him,426
65,although,5
66,shy,4
67,nice,64
68,boy,30
69,never,105
70,fought,2
71,except,16
72,gym,1
73,spider,5
74,kelly,4
75,s,659
76,star,1
77,pupil,1
78,taught,1
79,all,435
80,his,410
81,young,16
82,gentlemen,7
83,box,10
84,like,223
85,featherweights,1
86,no,201
87,matter,30
88,whether,8
89,they,377
90,weighed,1
91,one,261
92,hundred,21
93,five,16
94,or,67
95,two,111
96,pounds,5
97,seemed,32
98,fit,3
99,really,62
100,fast,10
101,so,218
102,good,216
103,promptly,1
104,overmatched,1
105,got,162
106,nose,10
107,permanently,2
108,flattened,4
109,this,144
110,increased,2
111,distaste,1
112,gave,43
113,satisfaction,1
114,some,147
115,strange,9
116,sort,29
117,certainly,10
118,improved,1
119,last,38
120,year,12
121,read,50
122,too,108
123,took,85
124,wearing,5
125,spectacles,5
126,met,15
127,any,125
128,class,4
129,remembered,5
130,did,271
131,even,18
132,remember,33
133,mistrust,1
134,frank,1
135,simple,6
136,people,125
137,especially,2
138,when,154
139,their,102
140,stories,5
141,hold,7
142,together,33
143,always,68
144,suspicion,1
145,perhaps,17
146,been,153
147,horse,19
148,stepped,6
149,face,65
150,maybe,16
151,mother,13
152,frightened,3
153,seen,36
154,something,75
155,bumped,1
156,into,163
157,child,3
158,finally,25
159,somebody,13
160,verify,1
161,story,7
162,from,236
163,only,76
164,often,5
165,wondered,3
166,what,250
167,become,3
168,member,2
169,through,122
170,father,5
171,richest,1
172,jewish,6
173,families,3
174,new,34
175,york,15
176,oldest,2
177,military,5
178,school,5
179,where,115
180,prepped,1
181,played,6
182,end,25
183,football,5
184,team,2
185,made,68
186,race-conscious,1
187,ever,54
188,feel,54
189,hence,1
190,different,6
191,else,18
192,until,26
193,went,298
194,friendly,3
195,bitter,5
196,out,388
197,came,188
198,with,474
199,painful,2
200,self-consciousness,1
201,married,11
202,first,53
203,girl,45
204,years,26
205,three,64
206,children,17
207,lost,9
208,most,12
209,fifty,9
210,thousand,7
211,dollars,4
212,left,49
213,balance,3
214,estate,1
215,having,18
216,gone,34
217,hardened,1
218,rather,58
219,unattractive,1
220,mould,1
221,under,60
222,domestic,1
223,unhappiness,1
224,rich,7
225,wife,18
226,just,155
227,up,445
228,mind,29
229,leave,20
230,she,322
231,off,116
232,miniature-painter,1
233,thinking,12
234,months,3
235,about,218
236,leaving,6
237,done,13
238,because,36
239,would,224
240,be,234
241,cruel,1
242,deprive,1
243,her,231
244,himself,26
245,departure,1
246,healthful,1
247,shock,3
248,divorce,5
249,arranged,5
250,coast,6
251,california,3
252,fell,10
253,among,8
254,literary,5
255,still,32
256,little,108
257,short,8
258,time,123
259,backing,2
260,review,2
261,arts,1
262,commenced,8
263,publication,1
264,carmel,2
265,finished,10
266,provincetown,2
267,massachusetts,1
268,regarded,1
269,purely,1
270,an,119
271,angel,1
272,whose,2
273,name,22
274,appeared,3
275,editorial,1
276,page,1
277,merely,1
278,advisory,1
279,board,3
280,sole,1
281,editor,2
282,money,56
283,discovered,4
284,liked,21
285,authority,2
286,editing,1
287,sorry,16
288,magazine,6
289,became,11
290,expensive,3
291,give,48
292,though,56
293,other,82
294,things,41
295,worry,7
296,taken,10
297,hand,58
298,lady,35
299,hoped,5
300,rise,5
301,forceful,1
302,chance,9
303,also,5
304,sure,44
305,loved,11
306,saw,83
307,going,193
308,disgusted,5
309,decided,4
310,might,22
311,well,119
312,get,204
313,while,51
314,available,1
315,urged,1
316,go,236
317,europe,4
318,write,13
319,educated,1
320,stayed,9
321,during,13
322,these,21
323,spent,5
324,travel,4
325,paris,38
326,friends,40
327,braddocks,25
328,myself,27
329,friend,30
330,tennis,7
331,frances,28
332,found,29
333,toward,41
334,second,19
335,looks,13
336,were,453
337,attitude,2
338,changed,12
339,careless,3
340,possession,1
341,exploitation,1
342,absolute,2
343,determination,1
344,should,53
345,marry,24
346,settled,5
347,allowance,2
348,month,2
349,half,15
350,believe,20
351,looked,138
352,another,79
353,woman,27
354,fairly,3
355,happy,22
356,many,28
357,living,7
358,have,295
359,america,17
360,writing,6
361,wrote,16
362,novel,5
363,such,27
364,bad,43
365,critics,2
366,later,15
367,called,42
368,poor,13
369,books,4
370,bridge,26
371,boxed,1
372,local,6
373,gymnasium,1
374,aware,1
375,night,73
376,after,83
377,us,130
378,dined,5
379,we,613
380,l'avenue,1
381,afterward,15
382,café,64
383,de,22
384,versailles,1
385,coffee,32
386,several,22
387,fines,1
388,said,966
389,must,64
390,talking,37
391,somewhere,6
392,weekend,1
393,trip,9
394,wanted,82
395,town,76
396,walk,25
397,suggested,2
398,fly,4
399,strasbourg,5
400,saint,8
401,odile,1
402,alsace,1
403,know,212
404,can,47
405,show,17
406,kicked,7
407,me,410
408,table,94
409,thought,49
410,accidental,1
411,knows,9
412,everything,28
413,is,259
414,swell,14
415,again,80
416,looking,58
417,robert's,2
418,chin,5
419,lifting,2
420,hardening,1
421,hell,86
422,why,81
423,bruges,1
424,ardennes,1
425,relieved,1
426,good-night,2
427,buy,13
428,paper,15
429,corner,9
430,god,32
431,sake,8
432,you,1173
433,say,121
434,n't,696
435,see,164
436,if,96
437,american,13
438,lives,4
439,does,59
440,make,67
441,difference,13
442,silly,8
443,way,87
444,oh,118
445,let,113
446,senlis,2
447,sore,14
448,m,152
449,place,31
450,stay,30
451,grand,15
452,cerf,1
453,take,60
454,hike,2
455,woods,12
456,come,170
457,home,16
458,will,58
459,fine,52
460,ll,128
461,to-morrow,18
462,courts,2
463,jake,123
464,started,83
465,back,191
466,forgot,3
467,your,71
468,walked,74
469,kiosque,2
470,are,113
471,turned,73
472,watched,34
473,holding,13
474,evidently,2
475,led,13
476,quite,41
477,life,23
478,2,1
479,winter,6
480,over,150
481,accepted,1
482,publisher,2
483,awful,13
484,row,12
485,heard,33
486,women,15
487,more,64
488,enthusiastic,1
489,than,25
490,publishers,1
491,praised,1
492,pretty,22
493,highly,1
494,head,65
495,then,193
496,put,107
497,themselves,6
498,horizons,1
499,shifted,1
500,four,22
501,horizon,3
502,absolutely,11
503,limited,1
504,almost,9
505,beyond,13
506,love,40
507,rebound,2
508,rotten,23
509,college,2
510,discovery,1
511,yet,21
512,realized,3
513,attractive,2
514,quantity,1
515,caring,1
516,wanting,2
517,live,17
518,simply,9
519,divine,1
520,miracle,1
521,pleasant,18
522,around,102
523,playing,12
524,higher,3
525,stakes,1
526,afford,1
527,steep,8
528,games,2
529,connections,2
530,held,18
531,cards,3
532,won,5
533,vain,1
534,game,4
535,talked,19
536,times,12
537,how,128
538,man,74
539,forced,2
540,thing,49
541,reading,11
542,w,2
543,h,1
544,hudson,1
545,sounds,4
546,innocent,1
547,occupation,1
548,reread,1
549,purple,7
550,land,8
551,sinister,1
552,late,14
553,recounts,1
554,splendid,12
555,imaginary,1
556,amorous,1
557,adventures,1
558,perfect,6
559,english,41
560,gentleman,5
561,intensely,1
562,romantic,2
563,scenery,1
564,which,8
565,described,2
566,thirty-four,4
567,guide-book,1
568,holds,1
569,safe,5
570,same,31
571,age,1
572,enter,3
573,wall,24
574,street,94
575,direct,2
576,french,19
577,convent,1
578,equipped,1
579,complete,1
580,set,19
581,practical,2
582,alger,1
583,every,27
584,word,9
585,literally,1
586,r,1
587,g,1
588,dun,1
589,report,2
590,understand,9
591,reservations,1
592,whole,11
593,sound,6
594,needed,4
595,realize,4
596,extent,1
597,day,48
598,my,240
599,office,20
600,hello,25
601,cheer,2
602,south,15
603,asked,147
604,americans,8
605,want,122
606,anyway,23
607,re,136
608,real,9
609,look,79
610,awfully,15
611,boat,1
612,train,29
613,catch,5
614,week,8
615,mail,5
616,them,248
617,written,4
618,dirt,2
619,none,5
620,exalted,1
621,getting,27
622,divorces,1
623,listen,17
624,handled,2
625,both,22
626,our,40
627,expenses,1
628,talk,48
629,spanish,26
630,fun,17
631,spain,19
632,summer-time,2
633,ve,118
634,sat,76
635,old,61
636,before,43
637,fool,15
638,anywhere,9
639,plenty,13
640,ca,70
641,countries,1
642,moving,4
643,pictures,2
644,badly,19
645,stand,19
646,nobody,11
647,bull-fighters,19
648,interested,2
649,abnormal,1
650,country,41
651,great,42
652,british,2
653,east,1
654,africa,1
655,shoot,2
656,d,74
657,interest,4
658,full,26
659,affairs,2
660,beautiful,12
661,shiny,4
662,black,13
663,princesses,1
664,hard,18
665,stubborn,1
666,streak,1
667,down-stairs,22
668,drink,88
669,working,11
670,stairs,20
671,ground,10
672,floor,16
673,best,11
674,rid,4
675,cables,3
676,important,3
677,discover,1
678,graceful,1
679,exits,1
680,newspaper,8
681,business,14
682,part,13
683,ethics,1
684,seem,9
685,bar,43
686,whiskey,4
687,soda,8
688,bottles,24
689,bins,1
690,liquor,1
691,agreed,4
692,leaned,26
693,forward,21
694,taking,8
695,advantage,1
696,lived,7
697,nearly,4
698,already,7
699,yes,115
700,thirty-five,2
701,dead,21
702,serious,5
703,ought,34
704,worrying,1
705,tried,13
706,away,78
707,yourself,8
708,now,103
709,exactly,5
710,start,31
711,sick,16
712,quarter,8
713,cruise,1
714,happens,3
715,alone,17
716,happened,20
717,bicycle,7
718,cop,1
719,stopped,58
720,papers,13
721,care,10
722,anything,65
723,right,130
724,ran,13
725,against,56
726,stubbornnesses,1
727,fix,2
728,idea,17
729,suppose,24
730,up-stairs,23
731,sit,28
732,outer,1
733,room,81
734,worked,10
735,hours,5
736,sorted,1
737,carbons,1
738,stamped,1
739,by-line,1
740,stuff,8
741,couple,12
742,big,74
743,manila,1
744,envelopes,1
745,rang,5
746,gare,2
747,st,6
748,lazare,1
749,asleep,12
750,chair,7
751,arms,18
752,wake,3
753,lock,1
754,shove,7
755,shoulder,14
756,shook,30
757,deeper,1
758,smiled,39
759,blinked,1
760,loud,2
761,clear,12
762,dream,4
763,typewriter,2
764,sleep,36
765,guess,12
766,picture,2
767,habit,2
768,picturing,1
769,bedroom,2
770,scenes,5
771,napolitain,3
772,apéritif,1
773,watch,17
774,evening,12
775,crowd,80
776,boulevard,19
777,3,2
778,warm,9
779,spring,6
780,terrace,5
781,watching,21
782,dark,51
783,electric,5
784,signs,2
785,red,20
786,green,23
787,stop-and-go,1
788,traffic-signal,1
789,horse-cabs,1
790,clippety-clopping,1
791,along,68
792,edge,17
793,solid,5
794,taxi,27
795,traffic,5
796,poules,1
797,singly,1
798,pairs,1
799,meal,20
800,good-looking,6
801,past,18
802,sight,6
803,coming,46
804,caught,7
805,eye,7
806,waiter,40
807,pernod,6
808,girls,7
809,dites,1
810,garçon,1
811,un,1
812,party,6
813,greenish,1
814,imitation,4
815,absinthe,10
816,add,4
817,water,42
818,turns,2
819,milky,1
820,tastes,1
821,licorice,2
822,has,28
823,uplift,1
824,drops,2
825,far,30
826,drank,22
827,sullen,2
828,dinner,22
829,grinned,5
830,point,7
831,laughing,7
832,mouth,11
833,closed,11
834,paid,28
835,saucers,2
836,hailed,1
837,horse-cab,4
838,driver,22
839,pulled,14
840,curb,5
841,slow,8
842,smoothly,12
843,rolling,6
844,fiacre,1
845,moved,9
846,avenue,5
847,l'opéra,1
848,passed,43
849,locked,4
850,doors,4
851,shops,6
852,windows,10
853,lighted,4
854,broad,1
855,deserted,4
856,cab,6
857,herald,2
858,bureau,1
859,window,21
860,clocks,2
861,hour,12
862,kid,10
863,rue,12
864,des,6
865,pyramides,1
866,rivoli,1
867,gate,21
868,tuileries,2
869,cuddled,1
870,arm,18
871,kissed,10
872,touched,11
873,everybody,25
874,light,25
875,crossed,21
876,seine,3
877,saints,1
878,pères,1
879,neither,6
880,georgette,23
881,jacob,3
882,flemish,1
883,flamand,1
884,detest,1
885,flamands,1
886,restaurant,14
887,cocher,1
888,stop,16
889,foyot,1
890,keep,24
891,picked,8
892,vague,1
893,sentimental,3
894,eat,43
895,long,78
896,since,12
897,poule,1
898,forgotten,1
899,dull,7
900,madame,6
901,lavigne,4
902,desk,6
903,cheered,2
904,food,5
905,here,116
906,chic,3
907,better,37
908,liège,1
909,brussels,1
910,mean,26
911,bottle,47
912,wine,58
913,joke,11
914,showed,9
915,teeth,2
916,glasses,31
917,type,4
918,shame,4
919,hurt,15
920,war,13
921,dirty,6
922,probably,21
923,discussed,1
924,reality,1
925,calamity,1
926,civilization,1
927,avoided,2
928,bored,13
929,enough,22
930,barnes,23
931,calling,2
932,explained,6
933,clyne,3
934,mrs,16
935,dance,22
936,dancings,1
937,revived,1
938,tall,8
939,smile,11
940,course,24
941,bring,27
942,canadian,1
943,easy,6
944,social,2
945,graces,1
946,thanks,10
947,small,12
948,writers,2
949,artists,1
950,lots,4
951,those,25
952,side,53
953,river,24
954,others,12
955,opened,28
956,bag,15
957,few,16
958,passes,3
959,mirror,3
960,re-defined,1
961,lips,7
962,lipstick,1
963,straightened,4
964,hat,18
965,men,41
966,stood,62
967,wish,22
968,present,1
969,fiancée,3
970,mademoiselle,5
971,leblanc,4
972,wonderful,31
973,hands,35
974,round,5
975,related,1
976,singer,1
977,connais,1
978,pas,1
979,answered,6
980,insisted,5
981,cordially,1
982,hobin,4
983,mr,18
984,introduced,6
985,surely,2
986,excitement,2
987,liable,3
988,saying,9
989,laugh,5
990,hear,20
991,henry,5
992,actually,2
993,darling,26
994,known,8
995,speaking,2
996,rapidly,3
997,seeming,3
998,proud,2
999,astonished,1
1000,its,7
1001,sitting,48
1002,smiling,10
1003,folded,5
1004,poised,1
1005,neck,11
1006,pursed,1
1007,ready,9
1008,find,19
1009,extraordinarily,2
1010,clean,7
1011,cleanest,1
1012,cities,1
1013,grant,2
1014,drunk,50
1015,kept,29
1016,liqueurs,1
1017,dancing-club,3
1018,bal,4
1019,musette,1
1020,la,5
1021,montagne,1
1022,sainte,1
1023,geneviève,1
1024,nights,4
1025,pantheon,2
1026,danced,15
1027,monday,4
1028,arrived,2
1029,empty,16
1030,policeman,3
1031,near,5
1032,door,66
1033,proprietor,3
1034,zinc,3
1035,daughter,6
1036,house,7
1037,downstairs,1
1038,benches,2
1039,tables,27
1040,across,58
1041,dancing-floor,3
1042,earlier,3
1043,high,27
1044,stool,2
1045,beside,26
1046,began,6
1047,play,10
1048,accordion,3
1049,string,4
1050,bells,3
1051,ankles,1
1052,beat,3
1053,foot,5
1054,hot,47
1055,perspiring,1
1056,sweat,2
1057,music,22
1058,beer,22
1059,standing,41
1060,doorway,3
1061,cool,14
1062,breath,3
1063,wind,20
1064,taxis,5
1065,front,40
1066,jerseys,1
1067,shirt-sleeves,2
1068,newly,1
1069,washed,7
1070,wavy,3
1071,hair,13
1072,white,51
1073,faces,2
1074,grimacing,1
1075,gesturing,2
1076,brett,432
1077,lovely,29
1078,declare,1
1079,actual,2
1080,harlot,1
1081,lett,3
1082,rash,1
1083,blond,3
1084,dear,28
1085,angry,9
1086,somehow,4
1087,supposed,6
1088,amusing,6
1089,tolerant,1
1090,swing,1
1091,shatter,1
1092,superior,4
1093,simpering,1
1094,composure,1
1095,instead,5
1096,next,30
1097,worse,2
1098,cognac,3
1099,taste,2
1100,dancing,21
1101,youth,1
1102,big-hippily,1
1103,carrying,13
1104,eyes,35
1105,lifted,10
1106,soon,11
1107,knew,32
1108,brought,41
1109,prentiss,1
1110,chicago,5
1111,rising,7
1112,novelist,1
1113,accent,2
1114,each,45
1115,à,1
1116,l'eau,1
1117,kansas,4
1118,city,8
1119,tell,84
1120,positive,1
1121,sense,1
1122,charmingly,1
1123,faculty,1
1124,followed,10
1125,cross,6
1126,throw,3
1127,success,4
1128,makes,15
1129,chaps,20
1130,tight,31
1131,chap,24
1132,brandy,10
1133,glass,39
1134,deal,4
1135,compatriot,1
1136,promised,5
1137,younger,1
1138,eager,2
1139,deserving,1
1140,expectation,1
1141,damned,48
1142,wore,12
1143,slipover,1
1144,jersey,2
1145,sweater,1
1146,tweed,1
1147,skirt,2
1148,brushed,2
1149,built,2
1150,curves,1
1151,hull,1
1152,racing,1
1153,yacht,1
1154,missed,3
1155,wool,1
1156,priceless,1
1157,laughed,22
1158,wrong,4
1159,insult,5
1160,jo,2
1161,benefit,1
1162,restraint,1
1163,trade,2
1164,wonderfully,2
1165,sober,3
1166,safety,2
1167,biblical,1
1168,date,8
1169,montmartre,4
1170,till,6
1171,banjo,1
1172,close,30
1173,possessed,1
1174,ask,23
1175,coat,7
1176,hanger,1
1177,envelope,4
1178,patronne,4
1179,fifty-franc,1
1180,note,5
1181,pocket,11
1182,sealed,1
1183,handed,23
1184,asks,1
1185,goes,9
1186,save,3
1187,c'est,1
1188,entendu,1
1189,monsieur,5
1190,early,16
1191,outside,48
1192,lose,5
1193,francs,12
1194,pub,8
1195,send,23
1196,help,15
1197,sent,12
1198,pressed,5
1199,franc,1
1200,drive,9
1201,told,42
1202,parc,2
1203,montsouris,2
1204,slammed,1
1205,leaning,10
1206,jerk,3
1207,miserable,2
1208,4,1
1209,hill,14
1210,square,65
1211,climbing,9
1212,levelled,2
1213,onto,16
1214,behind,41
1215,etienne,1
1216,du,6
1217,mont,1
1218,asphalt,1
1219,trees,51
1220,bus,33
1221,contrescarpe,3
1222,cobbles,1
1223,mouffetard,1
1224,bars,2
1225,open,28
1226,apart,4
1227,jolted,1
1228,lights,10
1229,clearly,4
1230,gobelins,1
1231,torn,3
1232,car-tracks,1
1233,acetylene,1
1234,flares,2
1235,line,23
1236,bright,14
1237,seat,9
1238,touch,5
1239,please,19
1240,turn,14
1241,jelly,1
1242,calm,2
1243,wonder,10
1244,own,27
1245,else's,1
1246,world,15
1247,earth,5
1248,afraid,10
1249,damn,22
1250,gets,11
1251,fault,6
1252,pay,19
1253,depths,1
1254,sometimes,13
1255,perfectly,7
1256,flat,14
1257,paying,2
1258,besides,3
1259,funny,27
1260,lay,22
1261,shut,22
1262,brother,13
1263,mons,1
1264,subject,3
1265,considered,1
1266,various,1
1267,angles,1
1268,including,3
1269,injuries,1
1270,imperfections,1
1271,merriment,1
1272,remaining,1
1273,person,6
1274,possessing,1
1275,enjoyable,1
1276,strangers,1
1277,pool,3
1278,trout,16
1279,park,7
1280,select,11
1281,montparnasse,6
1282,drove,14
1283,straight,16
1284,turning,1
1285,lion,1
1286,belfort,1
1287,guards,1
1288,passing,2
1289,montrouge,1
1290,trams,3
1291,ahead,34
1292,raspail,5
1293,kiss,1
1294,putting,11
1295,shaky,2
1296,mess,2
1297,inside,35
1298,greek,3
1299,portrait-painter,1
1300,duke,3
1301,whom,3
1302,zizi,7
1303,pushed,4
1304,meet,14
1305,fat,5
1306,count,67
1307,mippipopolous,3
1308,ashley,16
1309,ladyship,2
1310,elk,1
1311,tooth,1
1312,watch-chain,2
1313,doings,1
1314,london,3
1315,enormous,3
1316,yours,4
1317,frightful,3
1318,corking,1
1319,yellow,12
1320,card,5
1321,demanded,2
1322,patronne's,1
1323,bad-looking,1
1324,command,1
1325,idiom,1
1326,braddock,1
1327,dare,2
1328,buying,4
1329,champagne,9
1330,sir,18
1331,headache,4
1332,hardly,6
1333,o'clock,21
1334,crillon,6
1335,try,28
1336,mike,250
1337,letter,12
1338,to-day,9
1339,sidewalk,4
1340,michel,3
1341,rotonde,5
1342,crowded,19
1343,dome,3
1344,running,23
1345,pavement,4
1346,waved,22
1347,stacking,1
1348,closerie,3
1349,lilas,5
1350,ney,2
1351,statue,4
1352,new-leaved,1
1353,chestnut-trees,1
1354,arc-light,3
1355,faded,1
1356,wreath,4
1357,base,2
1358,inscription,1
1359,bonapartist,1
1360,groups,1
1361,forget,7
1362,marshal,1
1363,top-boots,1
1364,sword,13
1365,horse-chestnut,2
1366,leaves,6
1367,concierge,16
1368,knocked,19
1369,wished,6
1370,letters,14
1371,gas-light,2
1372,dining-room,13
1373,states,6
1374,bank,7
1375,statement,3
1376,2432.60,1
1377,check-book,1
1378,deducted,1
1379,checks,2
1380,drawn,3
1381,1832.60,1
1382,wedding,1
1383,announcement,2
1384,aloysius,2
1385,kirby,1
1386,announce,1
1387,marriage,1
1388,katherine,1
1389,nor,10
1390,marrying,1
1391,circularizing,1
1392,catholic,5
1393,crest,3
1394,lit,6
1395,lamp,2
1396,bed,56
1397,gas,2
1398,wide,3
1399,undressed,5
1400,street-car,1
1401,tracks,3
1402,vegetables,3
1403,markets,1
1404,noisy,4
1405,undressing,2
1406,armoire,2
1407,typically,1
1408,furnish,1
1409,ways,2
1410,wounded,2
1411,pajamas,1
1412,bull-fight,29
1413,wrappers,1
1414,orange,1
1415,news,3
1416,whichever,1
1417,spoil,4
1418,le,1
1419,toril,1
1420,petite,1
1421,correspondance,1
1422,cornigrams,1
1423,blew,8
1424,able,6
1425,work,22
1426,grievance,1
1427,flying,1
1428,italian,4
1429,hospital,2
1430,form,5
1431,society,2
1432,italians,1
1433,ospedale,1
1434,maggiore,1
1435,milano,4
1436,padiglione,2
1437,ponte,2
1438,building,3
1439,zonda,2
1440,liaison,1
1441,colonel,2
1442,visit,4
1443,bandaged,1
1444,speech,5
1445,foreigner,3
1446,englishman,5
1447,given,5
1448,illuminated,1
1449,hang,3
1450,che,2
1451,mala,2
1452,fortuna,2
1453,used,11
1454,trouble,10
1455,run,6
1456,shipped,1
1457,england,8
1458,church,10
1459,handling,3
1460,advice,2
1461,sometime,1
1462,awake,4
1463,jumping,3
1464,rest,7
1465,smooth,16
1466,waves,1
1467,sudden,7
1468,cry,1
1469,listened,7
1470,heavy,12
1471,woke,12
1472,recognized,1
1473,voice,5
1474,dressing-gown,1
1475,species,1
1476,waked,2
1477,kind,5
1478,says,8
1479,address,9
1480,doing,7
1481,clock,1
1482,half-past,1
1483,deserves,1
1484,anyhow,3
1485,amount,4
1486,owns,1
1487,chain,2
1488,sweetshops,1
1489,sipped,3
1490,linked,2
1491,interesting,6
1492,doubt,2
1493,buck,3
1494,painter,2
1495,everywhere,4
1496,offered,9
1497,ten,12
1498,biarritz,19
1499,up-take,1
1500,cannes,5
1501,monte,2
1502,carlo,2
1503,true,11
1504,raised,9
1505,don't,5
1506,wants,14
1507,dressed,10
1508,car,42
1509,chauffeur,11
1510,livery,1
1511,breakfast,8
1512,bois,3
1513,hampers,1
1514,zelli,2
1515,dozen,6
1516,mumms,2
1517,tempt,1
1518,morning,60
1519,ass,13
1520,tender,1
1521,message,7
1522,ill,2
1523,shivered,3
1524,cordon,1
1525,muttered,1
1526,walking,19
1527,limousine,1
1528,half-full,2
1529,kitchen,8
1530,poured,16
1531,sink,2
1532,slippers,2
1533,crying,13
1534,stepping,1
1535,hard-boiled,5
1536,daytime,2
1537,5,1
1538,soufflot,1
1539,brioche,1
1540,luxembourg,1
1541,gardens,3
1542,bloom,1
1543,early-morning,3
1544,smoked,3
1545,cigarette,10
1546,flower-women,1
1547,market,4
1548,arranging,2
1549,daily,1
1550,stock,1
1551,students,1
1552,law,1
1553,sorbonne,1
1554,busy,3
1555,rode,5
1556,madeleine,2
1557,platform,2
1558,capucines,1
1559,opéra,1
1560,frogs,1
1561,boxer,3
1562,toys,1
1563,aside,1
1564,avoid,3
1565,thread,2
1566,assistant,1
1567,manipulated,1
1568,boxers,1
1569,urging,1
1570,tourists,2
1571,pushing,2
1572,roller,3
1573,printed,2
1574,cinzano,1
1575,damp,7
1576,eleven,4
1577,quai,4
1578,d'orsay,3
1579,correspondents,1
1580,foreign-office,1
1581,mouthpiece,1
1582,nouvelle,1
1583,revue,1
1584,française,1
1585,diplomat,1
1586,horn-rimmed,1
1587,questions,7
1588,president,13
1589,council,1
1590,lyons,1
1591,making,13
1592,service,10
1593,answers,2
1594,shared,1
1595,woolsey,4
1596,krum,8
1597,dingo,3
1598,isn't,1
1599,dive,2
1600,kids,4
1601,i've,4
1602,sundays,1
1603,rained,2
1604,englishmen,1
1605,saturday,2
1606,lucky,2
1607,beggars,1
1608,agency,1
1609,banged,3
1610,file,1
1611,two-franc,1
1612,piece,11
1613,crazy,6
1614,nope,1
1615,good-by,3
1616,lunch,36
1617,wednesday,4
1618,bet,9
1619,elevator,3
1620,waiting,15
1621,wetzel,1
1622,hors,5
1623,d'oeuvres,5
1624,ordered,7
1625,sommelier,2
1626,beaded,3
1627,steins,1
1628,cold,28
1629,dishes,1
1630,worried,4
1631,likes,5
1632,obligations,1
1633,shoved,5
1634,sliced,1
1635,cucumbers,1
1636,pickled,1
1637,herring,1
1638,campbell,9
1639,scotland,3
1640,remarkably,1
1641,quality,5
1642,fineness,1
1643,seems,6
1644,describe,2
1645,it's,3
1646,breeding,4
1647,she's,2
1648,v,1
1649,dysentery,1
1650,trying,16
1651,facts,1
1652,twice,3
1653,plates,2
1654,cut,14
1655,prep-school,1
1656,stick,3
1657,starting,5
1658,glad,7
1659,insulting,3
1660,nasty,4
1661,tongue,2
1662,i'm,5
1663,minute,8
1664,paix,1
1665,6,1
1666,hotel,78
1667,stationery,1
1668,six,12
1669,jack,2
1670,rose,6
1671,george,2
1672,barman,7
1673,either,7
1674,crossing,8
1675,barges,1
1676,towed,1
1677,current,1
1678,riding,5
1679,bargemen,1
1680,sweeps,1
1681,bridges,2
1682,rounded,1
1683,inventor,1
1684,semaphore,1
1685,engaged,1
1686,ride,7
1687,pass,12
1688,stretch,3
1689,p,1
1690,l,1
1691,between,24
1692,fontainebleau,1
1693,montereau,1
1694,association,1
1695,ideas,1
1696,places,6
1697,journey,1
1698,streets,22
1699,ugly,2
1700,incapacity,1
1701,enjoy,8
1702,possibly,1
1703,mencken,6
1704,hates,1
1705,dislikes,1
1706,taxi-driver,2
1707,sad,3
1708,harvey,21
1709,stone,21
1710,pile,3
1711,shave,4
1712,races,3
1713,sunday,4
1714,days,22
1715,figured,2
1716,ago,9
1717,shaking,7
1718,poker,2
1719,dice,2
1720,paused,2
1721,cat,4
1722,hurry,2
1723,added,2
1724,saucer,1
1725,hoffenheimer,1
1726,garter,1
1727,snapper,1
1728,reads,1
1729,alexander,1
1730,hamilton,1
1731,institute,1
1732,deeply,2
1733,port,4
1734,comes,10
1735,moron,3
1736,bums,1
1737,telling,7
1738,you're,4
1739,consider,1
1740,misjudged,1
1741,case,6
1742,arrested,2
1743,development,1
1744,push,1
1745,wo,34
1746,fighter,1
1747,mistake,4
1748,intelligent,1
1749,porto,1
1750,slowly,10
1751,fond,4
1752,nerves,3
1753,afternoon,13
1754,harder,1
1755,healthy,6
1756,conceit,1
1757,returned,1
1758,personal,2
1759,longings,1
1760,adventure,1
1761,sureness,1
1762,shown,1
1763,reason,5
1764,remark,3
1765,detach,3
1766,tennis-court,1
1767,body,10
1768,shape,3
1769,undergraduate,1
1770,polo,3
1771,shirts,3
1772,may,3
1773,professionally,1
1774,youthful,1
1775,clothes,12
1776,externally,1
1777,formed,3
1778,internally,1
1779,moulded,1
1780,trained,2
1781,boyish,1
1782,cheerfulness,1
1783,win,3
1784,lenglen,1
1785,instance,1
1786,beaten,1
1787,pieces,4
1788,seven-fifteen,1
1789,movement,3
1790,darndest,1
1791,cook,1
1792,paula,1
1793,ritz,3
1794,waited,7
1795,spoke,5
1796,joyful,1
1797,manner,3
1798,appointments,1
1799,keeps,1
1800,theirs,1
1801,nowadays,1
1802,charming,3
1803,bought,18
1804,happen,8
1805,bright-eyed,1
1806,inconsequentially,1
1807,gotten,12
1808,celebrate,1
1809,childish,2
1810,dreadful,3
1811,cries,2
1812,begs,1
1813,reasonable,2
1814,luck,6
1815,wasted,1
1816,ones,9
1817,settle,2
1818,brightly,3
1819,publish,1
1820,alimony,1
1821,quickest,1
1822,use,8
1823,dropped,8
1824,terribly,6
1825,cheerful,3
1826,chickens,1
1827,triumph,1
1828,fall,5
1829,marble-topped,3
1830,secrets,1
1831,secret,7
1832,decent,2
1833,version,1
1834,sending,1
1835,generous,1
1836,aren't,1
1837,terrible,5
1838,destroyed,2
1839,impulse,2
1840,joking,3
1841,interrupted,3
1842,bonds,1
1843,careful,4
1844,mention,2
1845,unfortunate,1
1846,experience,2
1847,satisfactory,1
1848,audience,1
1849,secretary,4
1850,sweetest,1
1851,fare,1
1852,misunderstand,1
1853,platonic,2
1854,shall,4
1855,perish,1
1856,material,3
1857,film,1
1858,he's,2
1859,hope,10
1860,frightfully,7
1861,ladies,3
1862,without,15
1863,pity,13
1864,conversations,1
1865,literature,3
1866,sacrifices,1
1867,protest,1
1868,writer,7
1869,hardy,1
1870,anatole,1
1871,france,15
1872,died,2
1873,mistresses,1
1874,cried,2
1875,gloved,1
1876,they've,1
1877,vision,2
1878,mystic,1
1879,tablet,1
1880,lourdes,2
1881,mistress,2
1882,marries,1
1883,romance,1
1884,figure,2
1885,thicknesses,1
1886,7,1
1887,lodge,1
1888,telegram,10
1889,post,2
1890,mine,10
1891,large,5
1892,rocked,2
1893,speak,4
1894,frankly,1
1895,gentille,2
1896,très,2
1897,family,5
1898,eccentric,1
1899,quelqu'une,2
1900,owned,1
1901,drink-selling,1
1902,concession,1
1903,race-courses,1
1904,life-work,1
1905,pelouse,1
1906,pesage,1
1907,pride,1
1908,guests,1
1909,sportsmen,1
1910,pronounced,1
1911,categories,1
1912,chez,1
1913,extremely,1
1914,underfed-looking,1
1915,obviously,1
1916,duzinell,1
1917,sportsman,2
1918,asking,5
1919,occasionally,1
1920,evenings,2
1921,wondering,2
1922,wire,6
1923,cable,1
1924,bill,343
1925,gorton,7
1926,arriving,4
1927,shower,3
1928,rubbing,2
1929,door-bell,1
1930,pull,7
1931,bathrobe,2
1932,bunch,3
1933,roses,4
1934,bathing,3
1935,fortunate,2
1936,flowers,6
1937,liberty,1
1938,bringing,3
1939,filled,10
1940,earthenware,1
1941,jug,3
1942,placed,1
1943,centre,8
1944,blind,9
1945,brick,1
1946,drag,1
1947,nodded,12
1948,remembers,1
1949,fancy,2
1950,dress,4
1951,siphon,2
1952,tired,6
1953,rocky,3
1954,coolly,2
1955,forehead,3
1956,mad,4
1957,stroked,2
1958,lying,8
1959,loves,2
1960,lie,7
1961,quiet,20
1962,tromper,1
1963,couldn't,2
1964,quietly,4
1965,bilge,2
1966,michael,30
1967,san,43
1968,sebastian,33
1969,obstinate,1
1970,low,12
1971,shoes,6
1972,extraordinary,5
1973,means,6
1974,ring,27
1975,bell-pull,1
1976,basket,3
1977,motioned,1
1978,ice,5
1979,judge,1
1980,fellow,14
1981,raises,1
1982,grapes,2
1983,thousands,2
1984,acres,1
1985,veuve,1
1986,cliquot,1
1987,baron,1
1988,titles,1
1989,assure,1
1990,costs,1
1991,useful,1
1992,properly,1
1993,credit,3
1994,smoking,7
1995,flicking,1
1996,ashes,1
1997,rug,1
1998,notice,4
1999,ruin,1
2000,rugs,1
2001,ash-tray,1
2002,ash-trays,1
2003,spread,11
2004,bucket,3
2005,salted,1
2006,wait,11
2007,pigskin,1
2008,cigar-case,1
2009,cigar,8
2010,finish,8
2011,gold,2
2012,cutter,1
2013,draw,2
2014,cigars,4
2015,smoke,8
2016,puffed,2
2017,divorced,1
2018,need,6
2019,cloud,2
2020,mummy,1
2021,pleased,6
2022,enemies,1
2023,wrinkled,3
2024,corners,5
2025,reached,7
2026,twirled,1
2027,drinking,18
2028,ruddy,2
2029,sentences,1
2030,em,3
2031,system,2
2032,twirl,1
2033,towel,2
2034,wiped,10
2035,dry,9
2036,magnums,1
2037,amazing,3
2038,toast,4
2039,royalty,1
2040,toast-drinking,1
2041,mix,4
2042,emotions,1
2043,wines,2
2044,carefully,7
2045,ragging,1
2046,seven,9
2047,wars,1
2048,revolutions,1
2049,soldiering,1
2050,arrow,2
2051,wounds,2
2052,unbuttoned,1
2053,vest,1
2054,shirt,9
2055,undershirt,1
2056,chest,5
2057,stomach,3
2058,muscles,2
2059,bulging,1
2060,below,23
2061,ribs,1
2062,welts,1
2063,above,17
2064,scars,1
2065,thick,6
2066,finger,4
2067,tucking,1
2068,abyssinia,1
2069,twenty-one,1
2070,army,1
2071,values,9
2072,excellent,1
2073,waiters,8
2074,beaming,1
2075,lead,4
2076,careers,1
2077,noise,9
2078,eighteen,1
2079,ostentatious,1
2080,call,12
2081,value,3
2082,antiquities,2
2083,houseful,1
2084,smoky,1
2085,hit,20
2086,barely,1
2087,move,3
2088,nigger,17
2089,drummer,6
2090,jam,6
2091,hahre,1
2092,thaats,1
2093,dancer,2
2094,points,1
2095,writes,2
2096,loads,1
2097,support,2
2098,future,2
2099,personally,1
2100,gives,3
2101,willys,1
2102,shrugged,1
2103,shoulders,13
2104,can't,4
2105,shouted,15
2106,chanted,1
2107,sticks,2
2108,nightmare,2
2109,repeated,2
2110,sang,1
2111,softly,2
2112,dressing-room,1
2113,that's,1
2114,ridiculous,3
2115,wrap,1
2116,rung,1
2117,unlatched,1
2118,quickly,2
2119,twenty,8
2120,cap,1
2121,bell,2
2122,ii,1
2123,8,1
2124,concha,3
2125,weeks,4
2126,fishing-trip,2
2127,reach,2
2128,bankers,1
2129,bothered,1
2130,troubles,1
2131,enjoyed,2
2132,extra,2
2133,charge,9
2134,june,4
2135,vienna,13
2136,theatrical,1
2137,season,5
2138,crop,1
2139,heavyweights,1
2140,prospect,1
2141,grow,3
2142,weight,4
2143,trim,1
2144,dempsey,1
2145,fishing,14
2146,fiesta,46
2147,pamplona,24
2148,budapest,6
2149,bags,24
2150,rubbed,5
2151,remarkable,3
2152,suddenly,9
2153,lasted,1
2154,post-card,1
2155,possible,1
2156,prize-fight,2
2157,tiger,1
2158,glove,1
2159,noble-looking,1
2160,chairs,12
2161,sporting,3
2162,loaned,2
2163,claimed,3
2164,owed,1
2165,account,1
2166,wrecking,1
2167,hall,5
2168,translated,3
2169,harvard,1
2170,studying,2
2171,injustice,1
2172,promoter,1
2173,violated,1
2174,contract,1
2175,mister,1
2176,forty,5
2177,minutes,12
2178,musta,1
2179,ruptured,1
2180,swinging,8
2181,cologne,1
2182,unless,5
2183,island,6
2184,juncture,1
2185,denfert-rochereau,1
2186,flowing,1
2187,robes,1
2188,eyed,1
2189,monument,1
2190,invented,1
2191,pharmacy,1
2192,taxidermist,2
2193,stuffed,10
2194,dog,4
2195,pie-eyed,1
2196,dogs,4
2197,brighten,1
2198,exchange,2
2199,road,61
2200,paved,1
2201,unbought,1
2202,lover,1
2203,animals,5
2204,forty-four,1
2205,daunt,1
2206,daunted,8
2207,public,5
2208,george's,1
2209,pernods,1
2210,begin,1
2211,eaten,4
2212,nervous,9
2213,to-night,18
2214,eggs,6
2215,nix,1
2216,regular,3
2217,suggestion,1
2218,christmas,1
2219,nature-writer,1
2220,backed,4
2221,kidnap,1
2222,hullo,2
2223,bathed,1
2224,rot,12
2225,bathe,4
2226,nine,6
2227,nearest,1
2228,bistro,1
2229,brandies,1
2230,pestilential,1
2231,wrinkling,1
2232,moment,3
2233,terraces,1
2234,swim,6
2235,stage,2
2236,race-horses,1
2237,ile,1
2238,louis,2
2239,stud-book,1
2240,ate,13
2241,lecomte,4
2242,club,6
2243,list,1
2244,quaint,3
2245,quais,1
2246,untouched,1
2247,forty-five,1
2248,1918,1
2249,armistice,1
2250,fuss,1
2251,seeing,4
2252,roast,2
2253,chicken,5
2254,beans,1
2255,mashed,1
2256,potatoes,1
2257,salad,2
2258,apple-pie,1
2259,cheese,1
2260,chalked,1
2261,slate,1
2262,doubtless,1
2263,features,1
2264,compatriots,1
2265,lunch-time,1
2266,grew,4
2267,d'orléans,1
2268,broken,4
2269,walls,13
2270,houses,19
2271,circled,1
2272,bateau,1
2273,mouche,1
2274,notre,3
2275,dame,3
2276,squatting,1
2277,sky,4
2278,wooden,10
2279,foot-bridge,1
2280,bethune,1
2281,shadows,1
2282,rail,2
2283,piles,1
2284,cardinal,1
2285,lemoine,1
2286,shone,3
2287,underneath,2
2288,negre,2
2289,joyeux,1
2290,aux,1
2291,amateurs,2
2292,cooking,1
2293,potato-chips,1
2294,oil,2
2295,iron,6
2296,pot,2
2297,stew,2
2298,ladled,1
2299,plate,2
2300,narrow,7
2301,sides,10
2302,jutted,1
2303,fer,1
2304,rigid,2
2305,north,3
2306,jacques,1
2307,val,2
2308,grâce,1
2309,courtyard,1
2310,fence,16
2311,royal,2
2312,cafés,7
2313,damoy,1
2314,tanned,4
2315,healthy-looking,1
2316,hel-lo,3
2317,lad,3
2318,tea,1
2319,legs,11
2320,stockings,1
2321,patch,1
2322,dried,3
2323,blood,3
2324,gestured,2
2325,cigarette-holder,1
2326,host,1
2327,drunkard,1
2328,undischarged,1
2329,bankrupt,9
2330,ex-partner,1
2331,yesterday,4
2332,indecent,1
2333,fight,18
2334,fighting,4
2335,ledoux,2
2336,effort,2
2337,directly,7
2338,difficult,4
2339,outbursts,1
2340,affection,1
2341,excited,2
2342,blame,6
2343,9,1
2344,ledoux-kid,1
2345,francis,1
2346,20th,1
2347,hendaye,3
2348,golf,1
2349,beach,11
2350,anxious,4
2351,double-tapered,1
2352,25th,4
2353,wired,1
2354,otherwise,1
2355,bayonne,13
2356,mountains,21
2357,disgraceful,1
2358,bloody,14
2359,nuisance,1
2360,chantilly,1
2361,dining,1
2362,indeed,1
2363,tackle,4
2364,rods,4
2365,reels,3
2366,lines,7
2367,flies,4
2368,fish,11
2369,keeper,1
2370,barber,2
2371,loveliest,1
2372,brothel,2
2373,delambre,1
2374,bit,4
2375,rough,3
2376,congratulations,1
2377,behaved,2
2378,24th,1
2379,keen,1
2380,odd,2
2381,expected,4
2382,montoya,54
2383,latest,1
2384,burguete,15
2385,itinerary,1
2386,follow,8
2387,diner,2
2388,dining-car,5
2389,conductor,3
2390,tickets,10
2391,fifth,3
2392,servings,1
2393,reserved,3
2394,three-thirty,1
2395,thank,9
2396,advise,1
2397,sandwiches,5
2398,services,1
2399,company,4
2400,advised,1
2401,jump,1
2402,comment,1
2403,compartment,2
2404,son,4
2405,we've,2
2406,husband,1
2407,cars,4
2408,dayton,1
2409,ohio,1
2410,pilgrimage,1
2411,rome,1
2412,pilgrims,3
2413,goddam,1
2414,puritans,1
2415,boys,11
2416,state,2
2417,montana,10
2418,mighty,1
2419,trips,1
2420,winked,3
2421,damnation,1
2422,smoothed,1
2423,comfortable,5
2424,lap,4
2425,voted,1
2426,prohibition,1
2427,talks,1
2428,gang,3
2429,pilgrim,1
2430,fathers,1
2431,cornered,1
2432,seats,6
2433,hubert,5
2434,wagon,4
2435,steward,1
2436,announcing,1
2437,priests,1
2438,filing,2
2439,corridor,4
2440,chablis,2
2441,ten-thirty,1
2442,huh,1
2443,tipped,12
2444,grain,7
2445,beginning,4
2446,ripen,1
2447,fields,14
2448,poppies,1
2449,pastureland,1
2450,rivers,1
2451,chateaux,1
2452,tours,1
2453,comfortably,6
2454,swimming,4
2455,youngsters,1
2456,travelling,2
2457,dangerous,5
2458,snappers,1
2459,shows,1
2460,power,1
2461,ain't,1
2462,catholics,1
2463,buttonholed,1
2464,priest,2
2465,returning,1
2466,streams,3
2467,protestants,1
2468,join,4
2469,klan,1
2470,served,2
2471,successive,1
2472,d'hôte,1
2473,soaked,1
2474,jacket,2
2475,wear,2
2476,undershirts,1
2477,bordeaux,1
2478,station,13
2479,landes,1
2480,sun,24
2481,fire-gaps,1
2482,pines,2
2483,avenues,1
2484,wooded,5
2485,hills,18
2486,seven-thirty,1
2487,sandy,4
2488,pine,2
2489,heather,1
2490,clearings,1
2491,sawmill,1
2492,lanegresse,1
2493,change,5
2494,bull-fights,7
2495,rod-cases,1
2496,cabs,3
2497,buses,3
2498,runners,2
2499,near-sighted,1
2500,noticed,3
2501,cabman,1
2502,climbed,16
2503,cracked,4
2504,whip,1
2505,10,1
2506,sprinkling,2
2507,hunted,3
2508,store,4
2509,rod,6
2510,drygoods,1
2511,sold,3
2512,cheap,2
2513,landing-nets,2
2514,cathedral,8
2515,example,1
2516,dim,2
2517,churches,3
2518,fort,2
2519,syndicat,1
2520,d'initiative,1
2521,1st,1
2522,july,2
2523,tourist,1
2524,motor-car,3
2525,hired,2
2526,garage,1
2527,municipal,1
2528,theatre,4
2529,pick,4
2530,fresh,8
2531,smell,2
2532,breeze,5
2533,blow,3
2534,air,7
2535,sea,11
2536,pigeons,2
2537,sun-baked,2
2538,color,7
2539,packed,10
2540,beers,2
2541,matched,1
2542,sixteen,1
2543,apiece,5
2544,per,1
2545,cent,1
2546,cockroach,1
2547,parquet,1
2548,least,2
2549,inches,1
2550,pointed,7
2551,shoe,2
2552,garden,1
2553,duster,1
2554,blue,5
2555,collar,2
2556,cuffs,1
2557,piled,2
2558,basques,7
2559,oxen,1
2560,cattle,6
2561,hauling,2
2562,carts,3
2563,farmhouses,1
2564,roofs,6
2565,white-plastered,1
2566,basque,12
2567,villages,3
2568,well-off,1
2569,village,3
2570,pelota,3
2571,court,2
2572,forbidden,1
2573,tiled,1
2574,climb,3
2575,hillside,2
2576,valley,5
2577,stretched,5
2578,frontier,1
2579,stream,24
2580,carabineers,2
2581,patent-leather,1
2582,bonaparte,1
2583,hats,2
2584,guns,1
2585,backs,2
2586,frenchmen,1
2587,kepis,1
2588,mustaches,1
2589,passports,2
2590,general,3
2591,inn,14
2592,fill,3
2593,pointing,3
2594,carabineer,3
2595,fished,2
2596,sunburned,2
2597,beard,2
2598,gunny-sacking,1
2599,striding,2
2600,staff,1
2601,slung,2
2602,tied,5
2603,hanging,4
2604,passport,2
2605,guard,3
2606,thanked,2
2607,spat,2
2608,dust,10
2609,wade,3
2610,smuggling,1
2611,folding,2
2612,dusty,2
2613,top,15
2614,col,3
2615,winding,2
2616,forth,1
2617,itself,2
2618,brown,11
2619,far-off,1
2620,forests,1
2621,beech-trees,1
2622,mountainsides,1
2623,summit,2
2624,honk,1
2625,donkeys,1
2626,sleeping,8
2627,oak,1
2628,forest,7
2629,grazing,3
2630,grassy,3
2631,plains,2
2632,gloomy,5
2633,range,2
2634,baked-looking,1
2635,furrowed,2
2636,shapes,2
2637,ripe,1
2638,castle,2
2639,buildings,2
2640,field,3
2641,shifting,2
2642,plain,12
2643,shining,1
2644,plateau,10
2645,skyline,1
2646,slanting,1
2647,steeply,2
2648,dustily,1
2649,shade-trees,1
2650,levelling,1
2651,bull-ring,23
2652,concrete-looking,1
2653,helped,4
2654,flags,2
2655,hung,13
2656,staffs,1
2657,shade,8
2658,arcade,15
2659,runs,1
2660,rooms,5
2661,cleaned,3
2662,dining-rooms,1
2663,level,1
2664,opens,1
2665,bulls,70
2666,egg,5
2667,meat,2
2668,courses,2
2669,dessert,3
2670,fruit,2
2671,interpret,2
2672,waitress,1
2673,replacement,1
2674,meats,1
2675,awkward,2
2676,knowledge,1
2677,irritated,1
2678,pesetas,14
2679,bets,2
2680,angered,1
2681,usually,3
2682,foolishly,1
2683,satisfied,1
2684,iruña,12
2685,cinch,1
2686,fixed,4
2687,shop,2
2688,wicker,8
2689,barber-shop,3
2690,bath,9
2691,shady,2
2692,ayuntamiento,2
2693,subscribes,1
2694,renewed,1
2695,subscriptions,1
2696,archivist,1
2697,archives,2
2698,baize,1
2699,covered,6
2700,porter,4
2701,brush,2
2702,upper,5
2703,gray,9
2704,copper,2
2705,coins,1
2706,façade,1
2707,pillars,2
2708,praying,5
2709,smelt,2
2710,incense,2
2711,knelt,3
2712,pray,4
2713,prayed,5
2714,separately,1
2715,lumping,1
2716,sleepy,7
2717,reminded,1
2718,regretting,1
2719,kneeling,1
2720,wood,8
2721,ashamed,7
2722,regretted,1
2723,religion,1
2724,religious,7
2725,steps,2
2726,forefingers,1
2727,thumb,3
2728,sunlight,6
2729,side-streets,2
2730,haircut,1
2731,shampoo,1
2732,due,1
2733,devil,3
2734,enjoying,4
2735,nervousness,1
2736,baggage-truck,1
2737,civil,3
2738,lousy,4
2739,worst,2
2740,train-whistle,1
2741,headlight,1
2742,gates,2
2743,relatives,1
2744,eating,10
2745,finishing,2
2746,eh,3
2747,betting,1
2748,economic,1
2749,curious,1
2750,ordinarily,1
2751,regards,1
2752,unforgivingly,1
2753,jealous,1
2754,alter,1
2755,hate,6
2756,hated,2
2757,spell,1
2758,superiority,2
2759,barbering,1
2760,noon,8
2761,trains,5
2762,sooner,2
2763,cliff,3
2764,scheduled,2
2765,slept,7
2766,log,2
2767,speaks,2
2768,german,5
2769,suizo,4
2770,ticket,4
2771,silver,1
2772,five-peseta,1
2773,misunderstanding,1
2774,parties,2
2775,suggesting,1
2776,confidential,1
2777,giving,3
2778,pleasure,6
2779,understanding,1
2780,shaving,5
2781,confider,1
2782,bastard,1
2783,rub,1
2784,half-shaved,1
2785,lathered,1
2786,scraping,1
2787,darbs,1
2788,alongside,1
2789,damn-fool,1
2790,bloody-fool,1
2791,slurred,1
2792,dab,1
2793,lather,1
2794,cheek-bone,2
2795,honest,2
2796,thrown,3
2797,screen,1
2798,copy,2
2799,altar,1
2800,mothers,3
2801,daughters,1
2802,razor,1
2803,west,1
2804,ducked,2
2805,bowl,5
2806,rinsed,2
2807,alcohol,1
2808,pulling,6
2809,lip,1
2810,staying,2
2811,trout-fishing,2
2812,irati,6
2813,11,1
2814,baking,1
2815,rod-case,7
2816,ladder,4
2817,baggage,3
2818,boxes,4
2819,fans,1
2820,fitted,2
2821,saved,5
2822,leather,15
2823,wine-bag,5
2824,wine-skin,6
2825,imitated,1
2826,klaxon,2
2827,motor-horn,1
2828,spilled,1
2829,apologized,1
2830,fooled,1
2831,politely,2
2832,cork,4
2833,wine-bottles,3
2834,peasants,5
2835,false,3
2836,klaxons,1
2837,powdering,1
2838,view,3
2839,bluff,1
2840,knees,3
2841,wine-bottle,7
2842,saddle-leather,1
2843,smock,2
2844,wrinkles,1
2845,wagged,1
2846,forefinger,1
2847,slapping,1
2848,palm,1
2849,arriba,3
2850,lift,7
2851,spurt,1
2852,snatched,1
2853,owner,4
2854,demonstration,1
2855,length,3
2856,squeezing,1
2857,hissed,2
2858,trajectory,1
2859,swallowing,1
2860,regularly,1
2861,hey,4
2862,drinker,1
2863,waggled,1
2864,sharp,3
2865,quick,2
2866,lowered,2
2867,sadly,1
2868,posada,3
2869,packages,1
2870,mount,1
2871,farming,1
2872,sloped,1
2873,grain-fields,2
2874,hillsides,3
2875,blowing,5
2876,wheels,1
2877,patches,6
2878,bare,5
2879,water-courses,1
2880,sharply,4
2881,mules,7
2882,following,5
2883,high-hooded,1
2884,loaded,4
2885,freight,1
2886,lumber,1
2887,arriero,1
2888,driving,3
2889,brakes,1
2890,barren,2
2891,hard-baked,1
2892,clay,2
2893,rain,9
2894,curve,1
2895,passengers,1
2896,unstrapped,1
2897,roof,8
2898,tarpaulins,1
2899,saddles,1
2900,harness,1
2901,hay-forks,1
2902,clusters,1
2903,canvas,1
2904,rope-soled,2
2905,hams,1
2906,slabs,1
2907,bacon,1
2908,garlics,7
2909,sausages,1
2910,dusky,1
2911,counter,5
2912,serving,2
2913,drinks,6
2914,shelves,1
2915,stacked,2
2916,supplies,1
2917,goods,1
2918,aguardiente,2
2919,centimes,3
2920,tip,5
2921,misunderstood,1
2922,price,4
2923,slapped,4
2924,heat,6
2925,tin,1
2926,wiping,2
2927,apron,5
2928,mail-pouches,1
2929,waving,3
2930,conversation,2
2931,stubble,1
2932,denver,1
2933,los,1
2934,angeles,1
2935,salt,3
2936,lake,1
2937,named,7
2938,fifteen,3
2939,steadily,2
2940,rocks,1
2941,stuck,2
2942,grass,10
2943,squares,1
2944,strangely,1
2945,shaped,1
2946,changing,2
2947,oaks,1
2948,heat-baked,1
2949,clouds,6
2950,fences,2
2951,trunks,2
2952,double,2
2953,strung,1
2954,mountain,4
2955,metal-sheathed,1
2956,monastery,3
2957,roncesvalles,4
2958,roncevaux,1
2959,starts,2
2960,twelve,3
2961,metres,1
2962,crossroads,1
2963,school-yard,1
2964,cocked,1
2965,cross-straps,1
2966,permits,1
2967,whitewashed,2
2968,doorways,1
2969,beds,4
2970,washstand,1
2971,clothes-chest,1
2972,framed,3
2973,steel-engraving,1
2974,nuestra,1
2975,señora,1
2976,shutters,3
2977,sweaters,1
2978,ceiling,1
2979,oak-panelled,1
2980,weather,4
2981,upright,1
2982,piano,2
2983,bathroom,4
2984,cheaper,1
2985,summer,4
2986,included,1
2987,panel,2
2988,rabbits,1
2989,pheasants,1
2990,ducks,1
2991,panels,1
2992,smoky-looking,1
2993,cupboard,2
2994,liqueur,2
2995,rum,4
2996,punch,3
2997,pitcher,2
2998,steaming,1
2999,half-tumblerful,1
3000,action,4
3001,beats,1
3002,legislation,1
3003,laid,5
3004,supper,6
3005,blows,1
3006,vegetable,1
3007,soup,2
3008,fried,1
3009,wild,2
3010,strawberries,2
3011,counted,1
3012,12,1
3013,cleared,1
3014,diligence,2
3015,split,1
3016,motor-buses,3
3017,goat,1
3018,hopped,1
3019,jerked,1
3020,goats,2
3021,bounded,1
3022,stirring,1
3023,unbolted,1
3024,dew,1
3025,shed,1
3026,mattock,2
3027,dig,3
3028,worms,7
3029,bait,2
3030,shallow,1
3031,trouty,1
3032,loosened,1
3033,chunk,1
3034,sod,2
3035,slid,1
3036,dug,2
3037,digging,1
3038,tobacco-tins,1
3039,sifted,1
3040,interrupt,2
3041,burying,1
3042,lazy,2
3043,bum,3
3044,common,2
3045,sheet,1
3046,argue,1
3047,tackle-bag,3
3048,underclothes,1
3049,irony,10
3050,nets,1
3051,thumbed,1
3052,singing,11
3053,tune,1
3054,ringing,1
3055,gal,1
3056,week-old,1
3057,fratellinis,1
3058,buttered,3
3059,bread,4
3060,toasted,1
3061,ironical,4
3062,bowls,1
3063,dish,2
3064,raspberry,1
3065,crack,2
3066,primo,1
3067,rivera,1
3068,riff,1
3069,pitiful,2
3070,ironic,1
3071,gulp,1
3072,aw,1
3073,claim,1
3074,expatriated,1
3075,expatriate,4
3076,caffeine,3
3077,puts,1
3078,grave,1
3079,worth,7
3080,printing,1
3081,newspapers,2
3082,soil,1
3083,precious,1
3084,fake,2
3085,european,1
3086,standards,1
3087,ruined,2
3088,death,5
3089,obsessed,1
3090,sex,2
3091,spend,4
3092,group,3
3093,claims,3
3094,impotent,2
3095,accident,1
3096,spoken,2
3097,mystery,1
3098,henry's,1
3099,splendidly,1
3100,horseback,1
3101,tricycle,3
3102,plane,1
3103,joystick,1
3104,works,2
3105,pedal,3
3106,guy,4
3107,fonder,1
3108,faggot,2
3109,abraham,1
3110,lincoln,2
3111,jefferson,1
3112,davis,1
3113,freed,1
3114,slaves,1
3115,dred,1
3116,scott,1
3117,anti-saloon,2
3118,league,2
3119,explains,1
3120,judy,1
3121,o'grady,1
3122,lesbians,1
3123,skin,2
3124,rucksack,3
3125,carried,12
3126,meadow,2
3127,path,5
3128,slope,1
3129,sheep,1
3130,foot-log,2
3131,surfaced,1
3132,sapling,1
3133,bent,2
3134,tadpoles,1
3135,spotted,1
3136,sand,11
3137,truck,1
3138,faster-flowing,1
3139,ford,3
3140,joined,3
3141,beech,2
3142,roots,1
3143,bulked,1
3144,branches,2
3145,twisted,5
3146,beeches,1
3147,foliage,1
3148,undergrowth,1
3149,spaced,1
3150,dipped,1
3151,height,1
3152,highest,1
3153,growing,1
3154,sunny,2
3155,ridge,3
3156,clearing,3
3157,gorse,1
3158,bluffs,1
3159,jutting,1
3160,marked,3
3161,rio,1
3162,fabrica,1
3163,shadow,5
3164,river-valley,1
3165,buckwheat,1
3166,dam,11
3167,pack,4
3168,jointed,1
3169,leaders,1
3170,mcgintys,1
3171,yeah,1
3172,fly-book,1
3173,worm,1
3174,flick,1
3175,flowed,1
3176,pipe,6
3177,knocking,1
3178,corks,1
3179,firmly,2
3180,wrist,2
3181,numbed,1
3182,slab,1
3183,tree,6
3184,bait-can,1
3185,landing-net,1
3186,provide,1
3187,logs,1
3188,squared,2
3189,timbers,3
3190,tumbled,1
3191,falls,5
3192,deep,8
3193,baited,2
3194,shot,6
3195,baiting,1
3196,jumped,3
3197,arc,1
3198,disappearing,1
3199,thundering,1
3200,good-sized,1
3201,sinker,1
3202,strike,1
3203,bending,1
3204,boiling,1
3205,swung,4
3206,timber,2
3207,quivered,1
3208,slipped,2
3209,hooked,4
3210,size,2
3211,heads,13
3212,beautifully,2
3213,colored,1
3214,firm,4
3215,slit,1
3216,shucked,1
3217,insides,1
3218,gills,1
3219,tossed,2
3220,ashore,2
3221,ferns,5
3222,layer,2
3223,fems,1
3224,bulky,1
3225,worm-can,1
3226,trunk,1
3227,e,1
3228,mason,1
3229,frozen,1
3230,alps,1
3231,fallen,3
3232,glacier,2
3233,disappeared,3
3234,bride,1
3235,twenty-four,1
3236,moraine,1
3237,net,1
3238,sweating,1
3239,bigger,1
3240,sweaty,2
3241,smaller,2
3242,smallest,1
3243,wet,11
3244,waist,1
3245,wading,1
3246,moisture,1
3247,uncorked,2
3248,drying,1
3249,plump,1
3250,whew,1
3251,ache,2
3252,icy,1
3253,tasted,2
3254,faintly,1
3255,rusty,1
3256,filthy,1
3257,helps,1
3258,unwrapped,2
3259,parcels,1
3260,bryan,5
3261,peeling,1
3262,drumstick,4
3263,reverse,1
3264,order,6
3265,tribute,1
3266,commoner,1
3267,created,1
3268,sucking,1
3269,question,1
3270,rejoice,2
3271,blessings,1
3272,utilize,8
3273,fowls,1
3274,product,1
3275,vine,1
3276,pry,1
3277,holy,2
3278,mysteries,1
3279,hen-coop,1
3280,simian,1
3281,fingers,3
3282,accept,1
3283,faith,1
3284,kneel,2
3285,out-of-doors,1
3286,temples,1
3287,brothers,1
3288,frankie,2
3289,fritsch,2
3290,fordham,1
3291,loyola,2
3292,bishop,2
3293,manning,2
3294,cock-eyed,3
3295,humidity,2
3296,affectionately,1
3297,wayne,2
3298,b,2
3299,wheeler,2
3300,austin,1
3301,saloon,2
3302,classmate,1
3303,nap,1
3304,fella,3
3305,technically,1
3306,packing,1
3307,stiff,2
3308,dreamt,1
3309,biggest,1
3310,dreamers,1
3311,coolidge,1
3312,rockefeller,1
3313,davidson,1
3314,disjointed,1
3315,trout-bags,1
3316,worm-cans,1
3317,flap,1
3318,pockets,1
3319,elm-trees,1
3320,three-handed,1
3321,harris,30
3322,jean,5
3323,pied,1
3324,stopping,2
3325,13,1
3326,coffee-cup,1
3327,forwarded,3
3328,dated,1
3329,friday,1
3330,ours,2
3331,tuesday,1
3332,rejoin,1
3333,tues,1
3334,practically,1
3335,loses,1
3336,track,1
3337,meeting,1
3338,jolly,3
3339,there's,1
3340,warming,3
3341,bench,2
3342,wallet,1
3343,por,1
3344,ustedes,1
3345,sign,6
3346,coppers,1
3347,vengo,1
3348,jueves,1
3349,words,3
3350,thursday,1
3351,dope,2
3352,answer,3
3353,post-office,2
3354,telegraph,2
3355,blank,2
3356,intending,1
3357,chapel,5
3358,deceive,1
3359,utilizing,1
3360,innkeeper,2
3361,fourth,1
3362,wilson-harris,2
3363,hyphen,1
3364,we're,1
3365,first-rate,1
3366,remind,1
3367,plaza,5
3368,stringing,1
3369,electric-light,1
3370,wires,2
3371,customs,2
3372,officer,1
3373,bundles,1
3374,embarrassed,8
3375,villar,1
3376,miuras,2
3377,desencajonada,1
3378,bull-fighting,16
3379,special,2
3380,shocking,1
3381,lewd,1
3382,outsiders,1
3383,understood,3
3384,expose,1
3385,aficionado,6
3386,fermines,1
3387,disbelieved,1
3388,embarrassedly,1
3389,aficion,7
3390,passion,1
3391,passionate,1
3392,commercial,1
3393,photographs,4
3394,dedicated,1
3395,juanito,1
3396,sister,1
3397,believed,1
3398,drawer,2
3399,flattering,1
3400,inscriptions,1
3401,waste-basket,1
3402,discovering,1
3403,distant,1
3404,towns,1
3405,aficionados,3
3406,polite,4
3407,amused,1
3408,granted,1
3409,simulate,1
3410,confuse,1
3411,password,1
3412,oral,1
3413,spiritual,1
3414,examination,1
3415,defensive,1
3416,apparent,1
3417,buen,1
3418,hombre,1
3419,touching,3
3420,forgive,8
3421,bull-fighter,28
3422,attacks,1
3423,panic,1
3424,unexplainable,1
3425,actions,1
3426,sorts,1
3427,lapses,1
3428,forgave,1
3429,shameful,1
3430,spilling,1
3431,horses,8
3432,washing,2
3433,unloadings,1
3434,cheek,1
3435,unshaved,1
3436,jaw,6
3437,cages,4
3438,steers,13
3439,corral,12
3440,receive,1
3441,tear,2
3442,maids,2
3443,gore,1
3444,kill,9
3445,breaking,1
3446,horns,18
3447,goring,1
3448,steer,16
3449,lonely,1
3450,ticket-houses,1
3451,sol,3
3452,y,1
3453,sombra,2
3454,extended,2
3455,beret,1
3456,bare-headed,1
3457,crinkled,1
3458,intensity,2
3459,hadn't,1
3460,distinguished,1
3461,soldier,4
3462,bolted,1
3463,piccadilly,1
3464,reflects,2
3465,discredit,3
3466,medals,20
3467,tells,2
3468,reflect,1
3469,usual,1
3470,wopping,1
3471,prince,2
3472,wales,1
3473,worn,3
3474,naturally,2
3475,tailor,5
3476,invitation,1
3477,gazette,1
3478,miniature,1
3479,they'd,1
3480,wilson,1
3481,king,3
3482,coves,1
3483,ah,1
3484,strip,1
3485,souvenir,1
3486,shakes,1
3487,dashing,1
3488,swear,1
3489,rate,1
3490,cove,1
3491,bills,1
3492,tone,1
3493,gradually,2
3494,creditors,3
3495,exclaimed,1
3496,former,1
3497,partner,1
3498,counsel,2
3499,unloaded,4
3500,banners,2
3501,balcony,10
3502,arga,1
3503,carriages,1
3504,drivers,1
3505,whips,2
3506,corrals,10
3507,wine-shop,5
3508,30,1
3509,liter,1
3510,funds,1
3511,stared,3
3512,staring,2
3513,apertures,1
3514,loopholes,2
3515,spreading,2
3516,separated,2
3517,painted,2
3518,bull,116
3519,travelling-box,1
3520,bull-breeding,2
3521,ranch,2
3522,castile,1
3523,flat-cars,1
3524,cage,6
3525,stencilled,2
3526,brand,1
3527,bull-breeder,2
3528,straw,2
3529,feed-boxes,1
3530,water-troughs,1
3531,ramparts,1
3532,fortifications,4
3533,pit,1
3534,pressing,3
3535,single,1
3536,mule,1
3537,hitched,2
3538,dragged,2
3539,crowbars,1
3540,position,1
3541,swaying,1
3542,trotting,1
3543,lean,1
3544,flanks,2
3545,rapped,1
3546,explode,1
3547,striking,1
3548,muzzle,2
3549,clattering,1
3550,hollow,3
3551,charged,12
3552,skidding,1
3553,forefeet,1
3554,hump,2
3555,muscle,3
3556,swollen,2
3557,quivering,1
3558,sunken,1
3559,planks,7
3560,gathered,4
3561,half-dozen,1
3562,searching,1
3563,drives,1
3564,horn,9
3565,entrance,2
3566,plank,1
3567,shelters,1
3568,attracted,1
3569,facing,3
3570,direction,1
3571,hah,2
3572,toro,3
3573,sideways,3
3574,fascinated,1
3575,shift,2
3576,awkwardly,2
3577,lightly,2
3578,flank,1
3579,perfunctorily,1
3580,nosed,1
3581,trotted,3
3582,newcomer,1
3583,quieted,1
3584,herd,6
3585,gored,2
3586,feet,16
3587,attempt,1
3588,carriage,1
3589,they're,3
3590,complicated,3
3591,funeral,2
3592,act,2
3593,invite,1
3594,manners,5
3595,sallow,5
3596,emotion,3
3597,sounded,2
3598,behave,8
3599,mark,1
3600,wouldn't,1
3601,noble,1
3602,jews,6
3603,calls,2
3604,circe,1
3605,swine,5
3606,poisonous,1
3607,arcades,3
3608,gravel,3
3609,sobered,1
3610,trick,1
3611,sleeveless,1
3612,acted,2
3613,formal,3
3614,taut,1
3615,dinners,1
3616,ignored,1
3617,tension,1
3618,prevent,1
3619,happening,2
3620,14,1
3621,turgenieff,2
3622,pages,1
3623,sketches,1
3624,pressure,1
3625,loosen,1
3626,necessary,3
3627,wheeling,3
3628,sensation,3
3629,differently,2
3630,basis,3
3631,friendship,2
3632,delayed,1
3633,presentation,1
3634,pays,5
3635,retribution,1
3636,punishment,1
3637,learning,2
3638,chances,1
3639,philosophy,1
3640,philosophies,1
3641,learn,2
3642,unpleasant,2
3643,morality,1
3644,immorality,1
3645,using,1
3646,expressions,2
3647,language,3
3648,classes,2
3649,fewer,1
3650,eskimo,3
3651,cherokee,2
3652,didn't,1
3653,inflected,1
3654,phrases,1
3655,phrase,1
3656,oversensitized,1
3657,daylight,1
3658,rows,1
3659,workmen,3
3660,gate-posts,1
3661,released,1
3662,holes,1
3663,numbered,1
3664,employees,1
3665,exercised,1
3666,picador,5
3667,galloping,3
3668,stiff-legged,1
3669,amphitheatre,2
3670,swept,3
3671,rolled,8
3672,sprinkled,3
3673,carpenters,1
3674,replaced,3
3675,weakened,1
3676,barrera,12
3677,stands,4
3678,sweeping,3
3679,pen,2
3680,fair,5
3681,gypsies,1
3682,camped,1
3683,sellers,1
3684,booths,2
3685,booth,1
3686,advertised,1
3687,anis,4
3688,del,5
3689,cloth,6
3690,terrasse,2
3691,unload,1
3692,saddle-bags,1
3693,hose,2
3694,gravelled,1
3695,watered,1
3696,paseo,3
3697,officers,1
3698,garrison,1
3699,fashionable,1
3700,after-dinner,1
3701,madrid,15
3702,mornings,1
3703,vermouth,1
3704,confession,1
3705,impossible,1
3706,obvious,1
3707,gypsy,1
3708,camp,1
3709,fortune,1
3710,upset,2
3711,15,1
3712,6th,1
3713,exploded,2
3714,assimilated,1
3715,outlying,1
3716,wine-shops,4
3717,recently,1
3718,prices,2
3719,definite,2
3720,bushels,1
3721,fermin,7
3722,mass,5
3723,festival,1
3724,cast-iron,1
3725,severe,1
3726,battleship,1
3727,stripped,1
3728,sherry,2
3729,jerez,1
3730,rocket,7
3731,announced,2
3732,burst,4
3733,ball,2
3734,gayarre,1
3735,shrapnel,1
3736,trickling,1
3737,flash,2
3738,pipes,3
3739,fifes,3
3740,drums,7
3741,riau-riau,4
3742,shrill,2
3743,pounding,2
3744,fifers,2
3745,crouched,2
3746,reed-pipes,1
3747,shrilled,1
3748,tapped,5
3749,dancers,15
3750,reed-pipe,1
3751,shouting,2
3752,piped,1
3753,pockmarked,1
3754,piping,1
3755,idiot,2
3756,drummers,1
3757,smocks,2
3758,handkerchiefs,2
3759,necks,2
3760,banner,3
3761,poles,2
3762,surrounded,2
3763,hurray,2
3764,foreigners,3
3765,rockets,3
3766,emptying,1
3767,filling,3
3768,unreal,1
3769,consequences,2
3770,shout,6
3771,procession,8
3772,dignitaries,2
3773,closely,3
3774,curbs,1
3775,giants,3
3776,cigar-store,1
3777,indians,1
3778,thirty,2
3779,moors,1
3780,queen,2
3781,whirling,1
3782,waltzing,1
3783,solemnly,1
3784,soldiers,1
3785,resting,1
3786,frames,1
3787,dwarfs,2
3788,whacking,1
3789,bladders,1
3790,lined,1
3791,keeping,1
3792,return,3
3793,circle,3
3794,wreaths,1
3795,chanting,1
3796,image,1
3797,song,2
3798,ended,1
3799,rushed,2
3800,seated,2
3801,wine-cask,2
3802,hard-voiced,2
3803,drew,3
3804,casks,1
3805,teaching,2
3806,wine-skins,3
3807,ear,7
3808,beating,2
3809,sidewalks,1
3810,shuttered,2
3811,smelled,2
3812,tar,1
3813,stencilling,2
3814,completed,2
3815,bunches,1
3816,screwed,1
3817,nozzle,2
3818,leak,1
3819,gallon,1
3820,cheeks,2
3821,puffing,1
3822,bota,1
3823,sell,2
3824,eight,5
3825,lowest,1
3826,tossing,2
3827,darker,1
3828,litres,2
3829,cost,1
3830,sixty,1
3831,centimos,1
3832,rinse,1
3833,five-litre,1
3834,squeezed,1
3835,throat,1
3836,barrels,1
3837,tuna,1
3838,chopped,1
3839,onions,1
3840,vinegar,2
3841,mopping,2
3842,hors-d'oeuvre,1
3843,supplied,1
3844,names,2
3845,fork,3
3846,wine-barrels,1
3847,unscrewed,1
3848,tipping,1
3849,nada,1
3850,mono,3
3851,warmed,1
3852,drunken,4
3853,comrade,1
3854,gent,1
3855,wine-casks,1
3856,whispered,2
3857,spaniards,2
3858,hungry,2
3859,translate,1
3860,good-bye,4
3861,sky-rockets,1
3862,doubled,1
3863,resolving,1
3864,key,1
3865,exploding,1
3866,release,1
3867,race,6
3868,heavily,1
3869,balconies,3
3870,faster,1
3871,stragglers,1
3872,space,2
3873,gutter,1
3874,roar,1
3875,pop,2
3876,undress,1
3877,bother,4
3878,gosh,1
3879,fuller,1
3880,closer,2
3881,hum,2
3882,fights,2
3883,barreras,2
3884,ring-side,1
3885,sobrepuertos,1
3886,half-way,3
3887,hits,1
3888,nervy,3
3889,strong,3
3890,thinks,2
3891,spends,1
3892,pedro,23
3893,romero,112
3894,flight,2
3895,number,5
3896,monastic,1
3897,partition,1
3898,unsmiling,1
3899,sash,2
3900,linen,1
3901,sword-handler,9
3902,dignified,1
3903,seriously,3
3904,best-looking,1
3905,nineteen,4
3906,hangers-on,2
3907,commence,1
3908,mucha,1
3909,suerte,1
3910,handsome,1
3911,altogether,3
3912,torero,2
3913,field-glasses,1
3914,bull-light,1
3915,killed,13
3916,matadors,6
3917,passable,1
3918,comparison,1
3919,concrete,2
3920,railing,1
3921,kike,1
3922,disturbed,1
3923,emotional,2
3924,elation,1
3925,pounded,1
3926,flow,1
3927,intricate,2
3928,jota,1
3929,tunes,1
3930,intent,1
3931,concentrated,1
3932,spatted,1
3933,toes,3
3934,heels,1
3935,balls,4
3936,broke,6
3937,wildly,1
3938,step,3
3939,gentry,1
3940,gents,1
3941,what'shisname,1
3942,trousers,1
3943,borrow,1
3944,spectacle,3
3945,wench,2
3946,positively,1
3947,sadist,4
3948,gad,1
3949,disgusting,1
3950,better-looking,1
3951,imagine,2
3952,hard-shelled,1
3953,technicians,1
3954,picadors,4
3955,pic,4
3956,less,2
3957,unexplained,1
3958,horrors,1
3959,cape,20
3960,suavely,1
3961,wasting,1
3962,brusque,1
3963,winded,1
3964,discomposed,1
3965,tricks,2
3966,cape-work,1
3967,contortions,1
3968,pure,1
3969,natural,2
3970,corkscrews,1
3971,elbows,1
3972,faked,2
3973,danger,4
3974,purity,2
3975,movements,1
3976,calmly,2
3977,emphasize,1
3978,closeness,1
3979,joselito,1
3980,developing,1
3981,technic,1
3982,simulated,1
3983,appearance,2
3984,maximum,1
3985,exposure,1
3986,dominated,1
3987,unattainable,1
3988,prepared,1
3989,killing,1
3990,born,3
3991,falling,1
3992,surprised,1
3993,drunks,3
3994,straining,1
3995,gallop,1
3996,swath,1
3997,limp,1
3998,rag,1
3999,miura,1
4000,16,1
4001,raining,4
4002,fog,1
4003,tops,1
4004,steady,2
4005,drizzle,1
4006,pools,1
4007,pause,1
4008,driven,1
4009,cover,2
4010,concourse,1
4011,navarrais,1
4012,singers,1
4013,carlos,1
4014,costumes,2
4015,sounding,1
4016,chiefs,1
4017,bands,3
4018,heavy-footed,1
4019,coats,1
4020,tight-wound,1
4021,belled,1
4022,caps,1
4023,jackets,1
4024,shaved,2
4025,ambassador,3
4026,marcial,13
4027,lalanda,1
4028,marquez,1
4029,flatter,1
4030,algabeno,3
4031,collects,1
4032,gallo,1
4033,shoe-shines,1
4034,bootblacks,3
4035,eleventh,1
4036,boots,1
4037,polished,1
4038,limpia,1
4039,botas,1
4040,señor,3
4041,bootblack,1
4042,mike's,1
4043,free,3
4044,yell,2
4045,laughter,1
4046,uncomfortable,2
4047,shoe-shining,1
4048,critic,14
4049,bashful,1
4050,corrida,3
4051,toros,1
4052,exact,1
4053,translation,2
4054,suspicious,1
4055,lidia,1
4056,taureaux,1
4057,gibraltar,2
4058,ronda,1
4059,malaga,1
4060,joked,2
4061,malagueño,1
4062,older,3
4063,banderillero,1
4064,explain,1
4065,lied,1
4066,accounts,1
4067,appearances,1
4068,conceited,1
4069,braggartly,1
4070,haven't,1
4071,boasting,1
4072,convinced,1
4073,incomplete,1
4074,twenty-six,2
4075,arrobas,2
4076,weigh,1
4077,bananas,4
4078,temporarily,1
4079,inquiringly,1
4080,borracho,2
4081,muy,4
4082,introduce,2
4083,fundador,7
4084,listening,1
4085,villalta,3
4086,rafael,1
4087,doesn't,1
4088,pants,2
4089,dying,1
4090,fingering,1
4091,christ,1
4092,nod,1
4093,proposing,1
4094,rushing,1
4095,shoe-horn,1
4096,interrupting,1
4097,belong,1
4098,shakily,1
4099,clever,1
4100,insulted,2
4101,heroics,1
4102,affair,1
4103,proudly,1
4104,assault,1
4105,battle,1
4106,grabbed,2
4107,stumbled,1
4108,pouring,1
4109,moon,4
4110,band,4
4111,massed,1
4112,fireworks,5
4113,specialist,1
4114,fire,2
4115,balloons,3
4116,balloon,1
4117,jerkily,1
4118,bias,1
4119,blown,1
4120,magnesium,1
4121,flared,1
4122,chased,2
4123,don,6
4124,manuel,6
4125,orquito,3
4126,launch,1
4127,sputtering,1
4128,cracking,1
4129,luminous,1
4130,bubble,1
4131,careened,1
4132,razzing,1
4133,programme,1
4134,pirotecnico,1
4135,esta,1
4136,ciudad,1
4137,globos,4
4138,illuminados,4
4139,collection,1
4140,furious,1
4141,fixing,1
4142,spelling,1
4143,hail,1
4144,sport,4
4145,scattered,1
4146,lorgnons,1
4147,acquired,1
4148,tough,1
4149,festa,5
4150,bill's,1
4151,scotch,1
4152,rude,1
4153,gayety,1
4154,depresses,1
4155,feels,2
4156,behaves,1
4157,proper,1
4158,corked,1
4159,bartender,3
4160,amontillado,1
4161,suffering,1
4162,bursts,1
4163,pits,1
4164,silhouetted,1
4165,moonlight,1
4166,banks,1
4167,clouding,1
4168,goner,4
4169,tearing,1
4170,trembling,2
4171,self-respect,1
4172,bitch,4
4173,bowed,5
4174,permission,1
4175,triangular,2
4176,scar,1
4177,fortunes,1
4178,millionaire,1
4179,surer,1
4180,duros,1
4181,die,1
4182,finger-tips,1
4183,angle,1
4184,expression,2
4185,glanced,1
4186,mimicked,1
4187,nacional,1
4188,final,2
4189,teach,1
4190,hard-eyed,1
4191,coffee-glasses,1
4192,cognac-glasses,1
4193,mopped,2
4194,17,1
4195,edna,25
4196,police,5
4197,occupy,1
4198,cares,2
4199,bastards,1
4200,stupid,3
4201,charley,1
4202,blackman,1
4203,bankrupts,1
4204,owes,1
4205,ticket-booths,2
4206,blankets,1
4207,wickets,1
4208,honeymoon,1
4209,languidly,1
4210,pimp,2
4211,duck,1
4212,backward,1
4213,carafe,1
4214,ears,1
4215,fiestas,3
4216,wobbly,1
4217,vaya,1
4218,hoping,1
4219,jail,1
4220,hunt,1
4221,tremendous,1
4222,owe,4
4223,tons,1
4224,borrowed,1
4225,flagpoles,1
4226,out-of-town,1
4227,suitcase,4
4228,raking,1
4229,lawns,1
4230,burning,1
4231,distance,1
4232,phantom,1
4233,stranger,1
4234,everything's,1
4235,shake,5
4236,tub,1
4237,taps,1
4238,bath-tub,1
4239,hurrying,1
4240,sale,1
4241,hurried,2
4242,groggy,1
4243,muddy,1
4244,runway,2
4245,policemen,2
4246,boards,2
4247,gaining,1
4248,blouse,1
4249,capework,1
4250,tore,1
4251,collared,1
4252,thickened,1
4253,slowed,2
4254,muddy-sided,1
4255,trampled,1
4256,mud,1
4257,shouts,1
4258,degree,1
4259,encierro,3
4260,cogido,3
4261,crumbs,1
4262,long-handled,1
4263,milk,2
4264,pots,2
4265,spouts,1
4266,cup,1
4267,wound,3
4268,brute,1
4269,cornada,1
4270,coffee-pots,1
4271,grave-looking,1
4272,muerto,2
4273,errand,1
4274,es,1
4275,flamenco,1
4276,vicente,2
4277,girones,2
4278,tafalla,5
4279,twenty-eight,1
4280,farm,1
4281,continued,1
4282,coffin,3
4283,railway-station,1
4284,members,2
4285,marched,2
4286,societies,1
4287,estella,1
4288,sanguesa,1
4289,baggage-car,1
4290,widow,1
4291,third-class,1
4292,railway-carriage,1
4293,grade,1
4294,bocanegra,1
4295,118,1
4296,establishment,2
4297,sanchez,1
4298,tabemo,1
4299,third,1
4300,popular,1
4301,acclamation,1
4302,wrapped,3
4303,handkerchief,3
4304,belonging,1
4305,muratti,1
4306,cigarette-stubs,1
4307,bed-table,1
4308,watchman,1
4309,waitresses,1
4310,conquer,1
4311,human,1
4312,punching-bag,1
4313,tripped,1
4314,infirmary,1
4315,arresting,1
4316,commit,1
4317,suicide,1
4318,objected,1
4319,chambermaid,2
4320,tray,2
4321,beer-bottles,1
4322,opening,4
4323,beer-bottle,1
4324,massacred,1
4325,scene,1
4326,weak,1
4327,wicked,1
4328,staggered,1
4329,carry,1
4330,strength,1
4331,feelings,1
4332,forgiveness,1
4333,expect,1
4334,fastener,1
4335,fearful,1
4336,hiding,1
4337,aristocracy,1
4338,sailor,1
4339,ninth,1
4340,baronet,1
4341,revolver,1
4342,shells,1
4343,enjoys,1
4344,si,1
4345,señorito,1
4346,18,1
4347,shrimps,3
4348,motor-cars,3
4349,parking,1
4350,sight-seeing,1
4351,twenty-five,1
4352,englishwomen,1
4353,unbroken,1
4354,tourist-cars,1
4355,islands,1
4356,onlookers,2
4357,emptied,1
4358,absorbed,3
4359,odd-looking,1
4360,gripping,1
4361,staged,1
4362,honor,1
4363,thirst,1
4364,mug,1
4365,sip,2
4366,control,2
4367,crash,1
4368,radiant,1
4369,setting,1
4370,barracks,1
4371,cross-street,1
4372,sarasate,1
4373,fashionably,1
4374,adjusted,1
4375,half-light,1
4376,stiffen,2
4377,throatily,1
4378,brightness,1
4379,tree-tops,1
4380,atmosphere,1
4381,drop,2
4382,proselyting,1
4383,frients,1
4384,haff,2
4385,maître,1
4386,d'hôtel,1
4387,continual,1
4388,eavesdropper,1
4389,ma'am,2
4390,pink-and-white,1
4391,iss,1
4392,madam,1
4393,den,1
4394,tabul,2
4395,enuff,1
4396,knob,1
4397,disorder,2
4398,clothing,1
4399,strewn,1
4400,mask,1
4401,tle,3
4402,ed,1
4403,ing,2
4404,snotty,2
4405,boiling-point,1
4406,boiled,1
4407,ringside,1
4408,callejon,4
4409,passageway,2
4410,solidly,1
4411,smooth-rolled,1
4412,sword-handlers,3
4413,servants,3
4414,baskets,2
4415,capes,5
4416,muletas,4
4417,bloodstained,1
4418,compactly,1
4419,sword-cases,1
4420,hilts,1
4421,sheaf,1
4422,swords,1
4423,unfolded,1
4424,dark-stained,1
4425,flannel,5
4426,batons,1
4427,matador,1
4428,professional,1
4429,details,1
4430,launder,1
4431,passage,1
4432,furled,2
4433,signal,1
4434,march,1
4435,arena,2
4436,belmonte,32
4437,banderilleros,1
4438,suit,4
4439,tricornered,1
4440,guardedly,1
4441,wan,1
4442,wolf,2
4443,handclapping,1
4444,applause,2
4445,pics,1
4446,lances,1
4447,gold-brocaded,1
4448,discolored,2
4449,fold,2
4450,water-jug,2
4451,percale,1
4452,fighting-cape,1
4453,scuffed,1
4454,lower,1
4455,folds,3
4456,slippered,1
4457,attraction,1
4458,terrain,5
4459,stays,1
4460,comparatively,1
4461,enters,1
4462,tragedy,2
4463,tragic,1
4464,sensations,1
4465,alive,1
4466,retired,1
4467,legend,1
4468,retirement,3
4469,disappointed,1
4470,imposed,1
4471,conditions,1
4472,dangerously,1
4473,armed,1
4474,element,1
4475,fistula,1
4476,defrauded,1
4477,cheated,1
4478,further,2
4479,contempt,1
4480,yellower,1
4481,greater,1
4482,difficulty,1
4483,pain,4
4484,actively,1
4485,utterly,1
4486,contemptuous,2
4487,indifferent,1
4488,sneers,1
4489,insults,1
4490,volley,1
4491,cushions,2
4492,greatest,3
4493,triumphs,1
4494,toothed,1
4495,long-jawed,1
4496,lipless,1
4497,particularly,1
4498,produced,2
4499,stronger,3
4500,parchment,1
4501,throwing,1
4502,saluted,1
4503,wolf-jawed,1
4504,hearing,1
4505,swallowed,1
4506,applauded,1
4507,attention,2
4508,compete,2
4509,competition,2
4510,gained,2
4511,advance,3
4512,stars,1
4513,decadence,1
4514,sincerity,1
4515,æsthetics,1
4516,decadent,1
4517,period,1
4518,spoiled,1
4519,longer,2
4520,moments,2
4521,flashes,2
4522,greatness,4
4523,discounted,2
4524,motor,1
4525,manageable,1
4526,locality,1
4527,strengthened,1
4528,loss,1
4529,shaft,2
4530,angling,1
4531,spurs,1
4532,reins,1
4533,seemingly,1
4534,steel,2
4535,flicked,1
4536,reflex,1
4537,hickory,1
4538,pivoted,3
4539,enforcing,1
4540,bull's,1
4541,bleed,1
4542,insist,1
4543,squarely,1
4544,tail,1
4545,firmed,1
4546,dampened,1
4547,mud-weighted,1
4548,sail,2
4549,fills,1
4550,etched,1
4551,controlled,1
4552,rocking,1
4553,veronicas,1
4554,half-veronica,1
4555,hip,1
4556,impaired,1
4557,accordingly,1
4558,brilliant,1
4559,lures,1
4560,handles,1
4561,colors,1
4562,scarlet,1
4563,muleta,8
4564,consent,1
4565,classic,1
4566,sidestep,1
4567,transferred,1
4568,preferred,1
4569,dumb,1
4570,plainly,1
4571,offering,3
4572,dully,2
4573,drawing,1
4574,imperceptible,1
4575,offended,2
4576,critical,1
4577,judgment,1
4578,experts,2
4579,profiled,2
4580,sighted,2
4581,blade,4
4582,romero's,1
4583,instant,1
4584,hilt,2
4585,jolt,1
4586,ripped,1
4587,sleeve,1
4588,settling,1
4589,applauding,1
4590,sprinted,1
4591,noticeable,1
4592,concentration,1
4593,delicate,1
4594,spirit,1
4595,smashed,1
4596,cleaner,1
4597,recharged,1
4598,easily,1
4599,templed,1
4600,mystifications,1
4601,brusqueness,1
4602,sighting,1
4603,low-swung,1
4604,lurched,1
4605,hesitated,1
4606,knife,3
4607,twitching,1
4608,notched,1
4609,parts,1
4610,midst,1
4611,exit,1
4612,spraddled,1
4613,apologetically,1
4614,manager,2
4615,barcelona,1
4616,blue-striped,1
4617,soft-boiled,1
4618,tough-looking,1
4619,businesslike,1
4620,cloudy,2
4621,covering,1
4622,bamboo,1
4623,stems,1
4624,sugar,1
4625,dripping,2
4626,pleasantly,1
4627,nightmares,1
4628,stirred,2
4629,letting,1
4630,drip,1
4631,lump,1
4632,spoon,1
4633,brownish,1
4634,mixture,1
4635,depression,1
4636,drunker,1
4637,unstable,1
4638,bung-o,4
4639,sailing,1
4640,pretended,1
4641,tick,2
4642,inclined,1
4643,blur,1
4644,edges,1
4645,missing,1
4646,iii,1
4647,19,1
4648,picking,1
4649,rocket-sticks,1
4650,white-paper,1
4651,announcements,1
4652,unloading,1
4653,schedules,1
4654,notices,1
4655,strips,1
4656,luz,2
4657,strapped,1
4658,roads,2
4659,overfoliaged,1
4660,seven-ten,1
4661,spender,1
4662,stools,2
4663,roll,5
4664,dice-cup,2
4665,hundred-franc,1
4666,whiskeys,1
4667,jazz,1
4668,kings,3
4669,jacks,1
4670,rattled,1
4671,ace,1
4672,gambler,1
4673,stony,1
4674,cash,1
4675,check,1
4676,idiotic,1
4677,quid,1
4678,source,1
4679,scotsmen,1
4680,discussing,1
4681,finances,1
4682,rounds,1
4683,headlands,2
4684,red-roofed,1
4685,villas,1
4686,ocean,1
4687,tide,5
4688,curling,1
4689,farther,1
4690,share,1
4691,consigne,1
4692,17th,1
4693,panier,1
4694,fleuri,1
4695,powdered,1
4696,connected,1
4697,gear,1
4698,suburban,1
4699,fiesta-ing,1
4700,august,1
4701,promenade,3
4702,nurses,2
4703,concerts,1
4704,marinas,4
4705,eats,1
4706,apportioned,1
4707,château,1
4708,margaux,1
4709,tasting,1
4710,recommended,1
4711,izzarra,2
4712,liqueur-glass,1
4713,pyrenees,4
4714,veritable,1
4715,hair-oil,1
4716,strega,1
4717,vieux,1
4718,marc,3
4719,overtipped,1
4720,financial,1
4721,simplest,1
4722,becoming,2
4723,obscure,1
4724,appreciated,1
4725,valuable,1
4726,qualities,1
4727,dine,1
4728,sincere,1
4729,liking,1
4730,welcome,2
4731,loyal,1
4732,irun,1
4733,tunnels,1
4734,hottest,1
4735,mountainside,1
4736,unpacked,1
4737,bundle,1
4738,laundry,1
4739,recovered,1
4740,bulletin,1
4741,signed,1
4742,forms,1
4743,telegrams,1
4744,calculated,1
4745,swimming-suit,1
4746,comb,1
4747,bathing-cabin,2
4748,harbor,4
4749,breakers,1
4750,rollers,2
4751,undulations,1
4752,waded,1
4753,dove,4
4754,swam,10
4755,surface,1
4756,chill,1
4757,raft,9
4758,undone,1
4759,strap,1
4760,bathing-suit,2
4761,browning,1
4762,downward,1
4763,dives,1
4764,bottom,1
4765,sloshed,1
4766,casino,2
4767,orchestra,1
4768,coolness,1
4769,lemon-juice,1
4770,bicycle-race,1
4771,tour,3
4772,riders,3
4773,bicycle-riders,3
4774,trainers,1
4775,managers,1
4776,belgians,1
4777,faubourg,1
4778,belonged,1
4779,slang,1
4780,private,1
4781,jokes,2
4782,resumed,1
4783,sebastian-bilbao,1
4784,burned,1
4785,browned,1
4786,raced,1
4787,foreign,1
4788,attack,1
4789,boils,3
4790,hairs,1
4791,handle-bars,1
4792,touches,1
4793,manufacturers,1
4794,bottechia,1
4795,abandoned,1
4796,road-racing,3
4797,event,1
4798,organizing,1
4799,road-racers,1
4800,sportif,3
4801,sportive,1
4802,paname,1
4803,chope,1
4804,depart,1
4805,awoke,1
4806,uniform,1
4807,peasant,1
4808,costume,1
4809,surf,2
4810,bath-cabins,1
4811,floated,1
4812,floating,1
4813,swells,1
4814,coasted,2
4815,trough,2
4816,wave,1
4817,break,1
4818,buoyant,1
4819,bay,2
4820,hotels,1
4821,porches,1
4822,gold-lettered,1
4823,closing,1
4824,motion,1
4825,gap,1
4826,headland,1
4827,cramp,1
4828,bathers,1
4829,gripped,1
4830,cleanly,1
4831,lightening,1
4832,shore,1
4833,bath-cabin,1
4834,bicycle-racers,1
4835,copies,1
4836,l'auto,1
4837,reading-room,1
4838,poked,1
4839,fastened,1
4840,postman,1
4841,moustache,1
4842,sud,5
4843,express,5
4844,berth,1
4845,vaguely,1
4846,fountain-pen,1
4847,tomorrow,1
4848,handle,1
4849,rock,1
4850,avila,1
4851,escorial,2
4852,compact,1
4853,sky-line,1
4854,sun-hardened,1
4855,norte,1
4856,palace,2
4857,unfinished,1
4858,modern,1
4859,puerta,1
4860,carrera,1
4861,jeronimo,1
4862,awnings,1
4863,brass,1
4864,maid,4
4865,englishwoman,2
4866,stiffly,1
4867,oiled,1
4868,scallops,1
4869,commanding,1
4870,buenos,2
4871,female,2
4872,wishes,2
4873,chica,1
4874,undecided,1
4875,stolen,2
4876,fondas,1
4877,personages,1
4878,rigidly,1
4879,selectioned,1
4880,nevertheless,1
4881,upbringal,1
4882,male,1
4883,brushing,1
4884,ragged,1
4885,womanly,2
4886,fright,1
4887,sou,1
4888,scads,1
4889,gib,1
4890,lord,2
4891,bitches,2
4892,ruins,1
4893,berths,1
4894,cocktail,1
4895,martinis,3
4896,nickelled,1
4897,shaker,1
4898,gentility,1
4899,barmen,1
4900,jockeys,1
4901,vulgar,1
4902,bartenders,1
4903,coldly,1
4904,curtained,1
4905,olive,1
4906,martini,3
4907,1905,1
4908,deciding,1
4909,botin,2
4910,lunched,1
4911,restaurants,1
4912,suckling,1
4913,pig,1
4914,rioja,3
4915,alta,3
4916,you've,1
4917,first-floor,1
4918,parked,1
4919,rested,1
4920,gran,1
4921,via,1
4922,mounted,1
4923,khaki,1
4924,directing,1
4925,baton,1
